{
  "count": 79,
  "filters": {},
  "competition": {
    "id": 2001,
    "area": {
      "id": 2077,
      "name": "Europe"
    },
    "name": "UEFA Champions League",
    "code": "CL",
    "plan": "TIER_ONE",
    "lastUpdated": "2019-11-27T02:45:02Z"
  },
  "season": {
    "id": 495,
    "startDate": "2019-06-25",
    "endDate": "2020-05-30",
    "currentMatchday": 5,
    "winner": null
  },
  "teams": [
    {
      "id": 3,
      "area": {
        "id": 2088,
        "name": "Germany"
      },
      "name": "Bayer 04 Leverkusen",
      "shortName": "Leverkusen",
      "tla": "B04",
      "crestUrl": "https://upload.wikimedia.org/wikipedia/en/5/59/Bayer_04_Leverkusen_logo.svg",
      "address": "Bismarckstr. 122-124 Leverkusen 51373",
      "phone": "+49 (01805) 040404",
      "website": "http://www.bayer04.de",
      "email": "stefan.kusche.sk@bayer04.de",
      "founded": 1904,
      "clubColors": "Red / White / Black",
      "venue": "BayArena",
      "lastUpdated": "2019-11-21T02:22:30Z"
    },
    {
      "id": 4,
      "area": {
        "id": 2088,
        "name": "Germany"
      },
      "name": "BV Borussia 09 Dortmund",
      "shortName": "Dortmund",
      "tla": "BVB",
      "crestUrl": "http://upload.wikimedia.org/wikipedia/commons/6/67/Borussia_Dortmund_logo.svg",
      "address": "Rheinlanddamm 207-209 Dortmund 44137",
      "phone": "+49 (231) 90200",
      "website": "http://www.bvb.de",
      "email": "info@bvb.de",
      "founded": 1909,
      "clubColors": "Black / Yellow",
      "venue": "Signal Iduna Park",
      "lastUpdated": "2019-11-21T02:22:31Z"
    },
    {
      "id": 5,
      "area": {
        "id": 2088,
        "name": "Germany"
      },
      "name": "FC Bayern München",
      "shortName": "Bayern M",
      "tla": "FCB",
      "crestUrl": "https://upload.wikimedia.org/wikipedia/commons/1/1b/FC_Bayern_M%C3%BCnchen_logo_%282017%29.svg",
      "address": "Säbenerstr. 51 München 81547",
      "phone": "+49 (089) 699310",
      "website": "http://www.fcbayern.de",
      "email": "service-team@fcb.de",
      "founded": 1900,
      "clubColors": "Red / White / Blue",
      "venue": "Allianz Arena",
      "lastUpdated": "2019-11-21T02:22:33Z"
    },
    {
      "id": 61,
      "area": {
        "id": 2072,
        "name": "England"
      },
      "name": "Chelsea FC",
      "shortName": "Chelsea",
      "tla": "CHE",
      "crestUrl": "http://upload.wikimedia.org/wikipedia/de/5/5c/Chelsea_crest.svg",
      "address": "Fulham Road London SW6 1HS",
      "phone": "+44 (0871) 9841955",
      "website": "http://www.chelseafc.com",
      "email": null,
      "founded": 1905,
      "clubColors": "Royal Blue / White",
      "venue": "Stamford Bridge",
      "lastUpdated": "2019-11-21T02:31:16Z"
    },
    {
      "id": 64,
      "area": {
        "id": 2072,
        "name": "England"
      },
      "name": "Liverpool FC",
      "shortName": "Liverpool",
      "tla": "LIV",
      "crestUrl": "http://upload.wikimedia.org/wikipedia/de/0/0a/FC_Liverpool.svg",
      "address": "Anfield Road Liverpool L4 OTH",
      "phone": "+44 (0844) 4993000",
      "website": "http://www.liverpoolfc.tv",
      "email": "customercontact@liverpoolfc.tv",
      "founded": 1892,
      "clubColors": "Red / White",
      "venue": "Anfield",
      "lastUpdated": "2019-11-21T02:31:20Z"
    },
    {
      "id": 65,
      "area": {
        "id": 2072,
        "name": "England"
      },
      "name": "Manchester City FC",
      "shortName": "Man City",
      "tla": "MCI",
      "crestUrl": "https://upload.wikimedia.org/wikipedia/en/e/eb/Manchester_City_FC_badge.svg",
      "address": "SportCity Manchester M11 3FF",
      "phone": "+44 (0870) 0621894",
      "website": "https://www.mancity.com",
      "email": "mancity@mancity.com",
      "founded": 1880,
      "clubColors": "Sky Blue / White",
      "venue": "Etihad Stadium",
      "lastUpdated": "2019-11-21T02:31:22Z"
    },
    {
      "id": 73,
      "area": {
        "id": 2072,
        "name": "England"
      },
      "name": "Tottenham Hotspur FC",
      "shortName": "Tottenham",
      "tla": "TOT",
      "crestUrl": "http://upload.wikimedia.org/wikipedia/de/b/b4/Tottenham_Hotspur.svg",
      "address": "Bill Nicholson Way, 748 High Road London N17 OAP",
      "phone": "+44 (0844) 4995000",
      "website": "http://www.tottenhamhotspur.com",
      "email": "customer.care@tottenhamhotspur.com",
      "founded": 1882,
      "clubColors": "Navy Blue / White",
      "venue": "Tottenham Hotspur Stadium",
      "lastUpdated": "2019-11-21T02:31:33Z"
    },
    {
      "id": 78,
      "area": {
        "id": 2224,
        "name": "Spain"
      },
      "name": "Club Atlético de Madrid",
      "shortName": "Atleti",
      "tla": "ATM",
      "crestUrl": "http://upload.wikimedia.org/wikipedia/de/c/c1/Atletico_Madrid_logo.svg",
      "address": "Paseo Virgen del Puerto, 67 Madrid 28005",
      "phone": "+34 (913) 669048",
      "website": "http://www.clubatleticodemadrid.com",
      "email": "comunicacion@clubatleticodemadrid.com",
      "founded": 1903,
      "clubColors": "Red / White / Blue",
      "venue": "Estadio Wanda Metropolitano",
      "lastUpdated": "2019-11-21T02:45:37Z"
    },
    {
      "id": 81,
      "area": {
        "id": 2224,
        "name": "Spain"
      },
      "name": "FC Barcelona",
      "shortName": "Barça",
      "tla": "FCB",
      "crestUrl": "http://upload.wikimedia.org/wikipedia/de/a/aa/Fc_barcelona.svg",
      "address": "Avenida Arístides Maillol s/n Barcelona 08028",
      "phone": "+34 (902) 189900",
      "website": "http://www.fcbarcelona.com",
      "email": "secretaria@fcbarcelona.com",
      "founded": 1899,
      "clubColors": "Red / Navy Blue / Orange",
      "venue": "Camp Nou",
      "lastUpdated": "2019-11-21T02:45:42Z"
    },
    {
      "id": 86,
      "area": {
        "id": 2224,
        "name": "Spain"
      },
      "name": "Real Madrid CF",
      "shortName": "Real Madrid",
      "tla": "RMA",
      "crestUrl": "http://upload.wikimedia.org/wikipedia/de/3/3f/Real_Madrid_Logo.svg",
      "address": "Avenida Concha Espina, 1 Madrid 28036",
      "phone": "+34 (913) 984300",
      "website": "http://www.realmadrid.com",
      "email": "atencionpublico@corp.realmadrid.com",
      "founded": 1902,
      "clubColors": "White / Purple",
      "venue": "Estadio Santiago Bernabéu",
      "lastUpdated": "2019-11-21T02:45:46Z"
    },
    {
      "id": 95,
      "area": {
        "id": 2224,
        "name": "Spain"
      },
      "name": "Valencia CF",
      "shortName": "Valencia",
      "tla": "VAL",
      "crestUrl": "http://upload.wikimedia.org/wikipedia/de/7/75/FC_Valencia.svg",
      "address": "Plaza del Valencia Club de Fútbol, 2 Valencia 46010",
      "phone": "+34 (902) 011919",
      "website": "http://www.valenciacf.com",
      "email": "informacion@valenciacf.es",
      "founded": 1919,
      "clubColors": "White / Orange / Black",
      "venue": "Estadio de Mestalla",
      "lastUpdated": "2019-11-21T02:45:55Z"
    },
    {
      "id": 102,
      "area": {
        "id": 2114,
        "name": "Italy"
      },
      "name": "Atalanta BC",
      "shortName": "Atalanta",
      "tla": "ATA",
      "crestUrl": "http://upload.wikimedia.org/wikipedia/de/2/28/Atalanta_BC.svg",
      "address": "Corso Europa, 46, Zingonia Ciserano 24040",
      "phone": "+39 (035) 4186211",
      "website": "http://www.atalanta.it",
      "email": "info@atalanta.it",
      "founded": 1904,
      "clubColors": "Black / Blue",
      "venue": "Stadio Atleti Azzurri d'Italia",
      "lastUpdated": "2019-11-21T02:52:01Z"
    },
    {
      "id": 108,
      "area": {
        "id": 2114,
        "name": "Italy"
      },
      "name": "FC Internazionale Milano",
      "shortName": "Inter",
      "tla": "INT",
      "crestUrl": "https://upload.wikimedia.org/wikipedia/de/4/48/Internazionale_Milano_2014.svg",
      "address": "Corso Vittorio Emanuele II 9 Milano 20122",
      "phone": "+39 (02) 77151",
      "website": "http://www.inter.it",
      "email": "segreteriaccic@inter.it",
      "founded": 1908,
      "clubColors": "Blue / Black",
      "venue": "Stadio Giuseppe Meazza",
      "lastUpdated": "2019-11-21T02:52:08Z"
    },
    {
      "id": 109,
      "area": {
        "id": 2114,
        "name": "Italy"
      },
      "name": "Juventus FC",
      "shortName": "Juventus",
      "tla": "JUV",
      "crestUrl": "http://upload.wikimedia.org/wikipedia/de/d/d2/Juventus_Turin.svg",
      "address": "Corso Galileo Ferraris, 32 Torino 10128",
      "phone": "+39 (011) 65631",
      "website": "http://www.juventus.com",
      "email": "francesco.gianello@juventus.com",
      "founded": 1897,
      "clubColors": "White / Black",
      "venue": "Allianz Stadium",
      "lastUpdated": "2019-11-21T02:52:09Z"
    },
    {
      "id": 113,
      "area": {
        "id": 2114,
        "name": "Italy"
      },
      "name": "SSC Napoli",
      "shortName": "Napoli",
      "tla": "NAP",
      "crestUrl": "http://upload.wikimedia.org/wikipedia/commons/2/28/S.S.C._Napoli_logo.svg",
      "address": "Centro Tecnico di Castel Volturno, Via S.S. Domitana, Km 35 Castel Volturno 81030",
      "phone": "+39 (081) 5095344",
      "website": "http://www.sscnapoli.it",
      "email": "infocalcio@sscn.it",
      "founded": 1904,
      "clubColors": "Sky Blue / White",
      "venue": "Stadio San Paolo",
      "lastUpdated": "2019-11-21T02:52:14Z"
    },
    {
      "id": 503,
      "area": {
        "id": 2187,
        "name": "Portugal"
      },
      "name": "FC Porto",
      "shortName": "Porto",
      "tla": "FCP",
      "crestUrl": "http://upload.wikimedia.org/wikipedia/de/e/ed/FC_Porto_1922-2005.svg",
      "address": "Estádio do Dragão, Entrada Poente - Piso 3 Porto 4350-451",
      "phone": "+351 (022) 5070500",
      "website": "http://www.fcporto.pt",
      "email": "geral@portosad.pt",
      "founded": 1893,
      "clubColors": "Blue / White",
      "venue": "Estádio Do Dragão",
      "lastUpdated": "2019-11-21T03:14:26Z"
    },
    {
      "id": 521,
      "area": {
        "id": 2081,
        "name": "France"
      },
      "name": "Lille OSC",
      "shortName": "Lille",
      "tla": "LIL",
      "crestUrl": "https://upload.wikimedia.org/wikipedia/en/6/6f/Lille_OSC_2018_logo.png",
      "address": "Grand Rue 59, 780 Camphin-en-Pévèle Lille null",
      "phone": "+33 (0892) 685672",
      "website": "http://www.losc.fr",
      "email": "losclillemetropole.500054@ligue59-62.fr",
      "founded": 1944,
      "clubColors": "White / Red",
      "venue": "Stade Pierre-Mauroy",
      "lastUpdated": "2019-11-21T02:46:42Z"
    },
    {
      "id": 523,
      "area": {
        "id": 2081,
        "name": "France"
      },
      "name": "Olympique Lyonnais",
      "shortName": "Olympique Lyon",
      "tla": "LYO",
      "crestUrl": "https://upload.wikimedia.org/wikipedia/de/f/f1/Olympique_Lyon.svg",
      "address": "350 avenue Jean Jaurès Lyon 69007",
      "phone": "+33 (0426) 296532",
      "website": "http://www.olweb.fr",
      "email": "olympique-lyonnais@lrafoot.org",
      "founded": 1896,
      "clubColors": "White / Red / Blue",
      "venue": "Groupama Stadium",
      "lastUpdated": "2019-11-21T02:46:45Z"
    },
    {
      "id": 524,
      "area": {
        "id": 2081,
        "name": "France"
      },
      "name": "Paris Saint-Germain FC",
      "shortName": "PSG",
      "tla": "PSG",
      "crestUrl": "https://upload.wikimedia.org/wikipedia/en/a/a7/Paris_Saint-Germain_F.C..svg",
      "address": "24, rue de Commandant Guibaud Paris 7501",
      "phone": "+33 (0139) 733467",
      "website": "http://www.psg.fr",
      "email": "communaute@psg.fr",
      "founded": 1904,
      "clubColors": "Red / Blue / White",
      "venue": "Parc des Princes",
      "lastUpdated": "2019-11-21T02:46:47Z"
    },
    {
      "id": 610,
      "area": {
        "id": 2247,
        "name": "Turkey"
      },
      "name": "Galatasaray SK",
      "shortName": "Galatasaray",
      "tla": "GAL",
      "crestUrl": "https://upload.wikimedia.org/wikipedia/commons/f/f6/Galatasaray_Sports_Club_Logo.png",
      "address": "Türk Telekom Arena Stadyumu, Huzur Mahallesi, Şişli İstanbul 34415",
      "phone": "+90 (212) 3051905",
      "website": "http://www.galatasaray.org",
      "email": "info@galatasaray.org",
      "founded": 1905,
      "clubColors": "Red / Yellow",
      "venue": "Türk Telekom Arena",
      "lastUpdated": "2019-11-21T03:02:12Z"
    },
    {
      "id": 611,
      "area": {
        "id": 2017,
        "name": "Azerbaijan"
      },
      "name": "Qarabağ Ağdam FK",
      "shortName": "Qarabağ Ağdam",
      "tla": "QAR",
      "crestUrl": "https://upload.wikimedia.org/wikipedia/de/6/6d/Qarabagh_1987_Logo.svg",
      "address": "Bakı şəhəri.Suraxanı, qəsəbəsi Ağdam null",
      "phone": "+994 (12) 4521345",
      "website": "http://www.qarabagh.com",
      "email": null,
      "founded": 1951,
      "clubColors": "Black / White",
      "venue": "Tofiq Bəhramov adına Respublika stadionu",
      "lastUpdated": "2019-11-21T02:33:59Z"
    },
    {
      "id": 654,
      "area": {
        "id": 2093,
        "name": "Greece"
      },
      "name": "PAE Olympiakos SFP",
      "shortName": "Olympiakos",
      "tla": "OLY",
      "crestUrl": "http://upload.wikimedia.org/wikipedia/de/9/96/Logo_Olympiakos_Pir%C3%A4us.svg",
      "address": "Plateia Alexandras Piraeus 18534",
      "phone": "+30 (210) 4143000",
      "website": "http://www.olympiacos.org",
      "email": "info@olympiacos.org",
      "founded": 1925,
      "clubColors": "Red / White",
      "venue": "Stadio Georgios Karaiskáki",
      "lastUpdated": "2019-11-21T02:52:54Z"
    },
    {
      "id": 674,
      "area": {
        "id": 2163,
        "name": "Netherlands"
      },
      "name": "PSV",
      "shortName": "PSV",
      "tla": "PSV",
      "crestUrl": "http://upload.wikimedia.org/wikipedia/de/0/05/PSV_Eindhoven.svg",
      "address": "Fredriklaan 10a Eindhoven 5616 NH",
      "phone": "+31 (040) 2505501",
      "website": "http://www.psv.nl",
      "email": "info@psv.nl",
      "founded": 1913,
      "clubColors": "Red / White",
      "venue": "Philips Stadion",
      "lastUpdated": "2019-11-21T02:34:01Z"
    },
    {
      "id": 678,
      "area": {
        "id": 2163,
        "name": "Netherlands"
      },
      "name": "AFC Ajax",
      "shortName": "Ajax",
      "tla": "AJA",
      "crestUrl": "http://upload.wikimedia.org/wikipedia/de/7/79/Ajax_Amsterdam.svg",
      "address": "ArenA Boulevard 29 Amsterdam 1101 AX",
      "phone": "+31 (020) 3111444",
      "website": "http://www.ajax.nl",
      "email": "info@ajax.nl",
      "founded": 1900,
      "clubColors": "Red / White",
      "venue": "Johan Cruyff ArenA",
      "lastUpdated": "2019-11-21T02:23:07Z"
    },
    {
      "id": 721,
      "area": {
        "id": 2088,
        "name": "Germany"
      },
      "name": "RB Leipzig",
      "shortName": "RB Leipzig",
      "tla": "RBL",
      "crestUrl": "https://upload.wikimedia.org/wikipedia/en/0/04/RB_Leipzig_2014_logo.svg",
      "address": "Neumarkt 29-33 Leipzig 04109",
      "phone": "+49 (0341) 1247970",
      "website": "http://www.dierotenbullen.com",
      "email": "soccerrbl.office@redbulls.com",
      "founded": 2009,
      "clubColors": "White / Red",
      "venue": "Red Bull Arena",
      "lastUpdated": "2019-11-21T02:23:08Z"
    },
    {
      "id": 729,
      "area": {
        "id": 2234,
        "name": "Switzerland"
      },
      "name": "FC Basel 1893",
      "shortName": "Basel",
      "tla": "BAS",
      "crestUrl": "http://upload.wikimedia.org/wikipedia/commons/c/c5/FC_Basel.png",
      "address": "Birsstr. 320 A Basel 4002",
      "phone": "+41 (61) 3751010",
      "website": "http://www.fcb.ch",
      "email": "info@fcb.ch",
      "founded": 1893,
      "clubColors": "Red / Blue",
      "venue": "St. Jakob-Park",
      "lastUpdated": "2019-11-21T02:34:09Z"
    },
    {
      "id": 731,
      "area": {
        "id": 2195,
        "name": "Russia"
      },
      "name": "FK Zenit Sankt-Petersburg",
      "shortName": "Zenit",
      "tla": "ZEN",
      "crestUrl": "https://upload.wikimedia.org/wikipedia/commons/2/25/FC_Zenit_1_star_2015_logo.png",
      "address": "Pr. Dobrolyubova 16/2-А Sankt-Petersburg 197198",
      "phone": "+7 (812) 2448888",
      "website": "http://www.fc-zenit.ru",
      "email": "office@fc-zenit.ru",
      "founded": 1925,
      "clubColors": "Blue / White",
      "venue": "Gazprom Arena",
      "lastUpdated": "2019-11-21T02:56:19Z"
    },
    {
      "id": 732,
      "area": {
        "id": 2204,
        "name": "Scotland"
      },
      "name": "Celtic FC",
      "shortName": "Celtic",
      "tla": "CEL",
      "crestUrl": "https://upload.wikimedia.org/wikipedia/en/3/35/Celtic_FC.svg",
      "address": "Celtic Park Glasgow G40 3RE",
      "phone": "+44 (871) 2261888",
      "website": "http://www.celticfc.co.uk",
      "email": "comments@celticfc.com",
      "founded": 1887,
      "clubColors": "Green / White",
      "venue": "Celtic Park",
      "lastUpdated": "2019-11-21T02:41:49Z"
    },
    {
      "id": 734,
      "area": {
        "id": 2215,
        "name": "Slovenia"
      },
      "name": "NK Maribor",
      "shortName": "Maribor",
      "tla": "MAR",
      "crestUrl": "https://upload.wikimedia.org/wikipedia/en/7/78/Nkmaribor_2013.png",
      "address": "Mladinska ulica 29 Maribor 292000",
      "phone": "+386 (02) 2284700",
      "website": "http://www.nkmaribor.com",
      "email": "info@nkmaribor.com",
      "founded": 1919,
      "clubColors": "Violet / Yellow",
      "venue": "Ljudski vrt",
      "lastUpdated": "2019-11-21T02:34:13Z"
    },
    {
      "id": 748,
      "area": {
        "id": 2022,
        "name": "Belarus"
      },
      "name": "FK BATE Borisov",
      "shortName": "BATE",
      "tla": "BAT",
      "crestUrl": "http://upload.wikimedia.org/wikipedia/de/thumb/0/0a/Logo_BATE_Baryssau.svg/150px-Logo_BATE_Baryssau.svg.png",
      "address": "prospekt Revoljutsni 16 Borisov 222120",
      "phone": "+375 (177) 732046",
      "website": "http://www.fcbate.by",
      "email": "club@fcbate.by",
      "founded": 1973,
      "clubColors": "Blue / Yellow",
      "venue": "Borisov Arena",
      "lastUpdated": "2019-11-21T02:34:14Z"
    },
    {
      "id": 752,
      "area": {
        "id": 2061,
        "name": "Cyprus"
      },
      "name": "APOEL FC",
      "shortName": "APOEL",
      "tla": "APO",
      "crestUrl": "https://upload.wikimedia.org/wikipedia/en/0/06/APOELnew.png",
      "address": "Dimofontos Str 39 Nicosia 1075",
      "phone": "+357 (22) 340200",
      "website": "http://www.apoelfc.com.cy",
      "email": "info@apoelfc.com.cy",
      "founded": 1926,
      "clubColors": "Yellow / Blue",
      "venue": "Neo GSP",
      "lastUpdated": "2019-11-21T02:34:18Z"
    },
    {
      "id": 755,
      "area": {
        "id": 2058,
        "name": "Croatia"
      },
      "name": "GNK Dinamo Zagreb",
      "shortName": "Dinamo Zagreb",
      "tla": "DIN",
      "crestUrl": "http://www.gnkdinamo.hr/Content/Images/main-logo.png",
      "address": "Maksimirska 128 Zagreb 10000",
      "phone": "+385 (01) 2386111",
      "website": "http://gnkdinamo.hr",
      "email": "dinamo@gnkdinamo.hr",
      "founded": 1903,
      "clubColors": "Blue / White",
      "venue": "Stadion Maksimir",
      "lastUpdated": "2019-11-21T02:23:19Z"
    },
    {
      "id": 842,
      "area": {
        "id": 2253,
        "name": "Ukraine"
      },
      "name": "FK Dynamo Kyiv",
      "shortName": "Dynamo Kyiv",
      "tla": "DYN",
      "crestUrl": "https://upload.wikimedia.org/wikipedia/commons/5/5b/FC_Dynamo_Kyiv_logo.png",
      "address": "Vulitsa Grushevskogo, 3 Kyïv 01001",
      "phone": "+380 (044) 5970008",
      "website": "http://www.fcdynamo.kiev.ua",
      "email": "semenenko@goal.com.ua",
      "founded": 1927,
      "clubColors": "White / Blue",
      "venue": "NSK Olimpijs'kyj",
      "lastUpdated": "2019-11-21T03:10:59Z"
    },
    {
      "id": 851,
      "area": {
        "id": 2023,
        "name": "Belgium"
      },
      "name": "Club Brugge KV",
      "shortName": "Club Brugge",
      "tla": "CLU",
      "crestUrl": "https://upload.wikimedia.org/wikipedia/en/d/d0/Club_Brugge_KV_logo.svg",
      "address": "Olympialaan 74 Brugge 8200",
      "phone": "+32 (50) 402121",
      "website": "http://www.clubbrugge.be",
      "email": "info@clubbrugge.be",
      "founded": 1894,
      "clubColors": "Blue / Black",
      "venue": "Jan Breydelstadion",
      "lastUpdated": "2019-11-21T02:46:09Z"
    },
    {
      "id": 889,
      "area": {
        "id": 2173,
        "name": "Norway"
      },
      "name": "Rosenborg BK",
      "shortName": "Rosenborg",
      "tla": "RBK",
      "crestUrl": "https://upload.wikimedia.org/wikipedia/commons/f/f5/Rosenborg_Trondheim_logo.svg",
      "address": "Postboks 6390, Sluppen Trondheim 7492",
      "phone": "+47 (73) 822100",
      "website": "http://www.rbk.no",
      "email": "info@rbk.no",
      "founded": 1917,
      "clubColors": "Black / White",
      "venue": "Lerkendal Stadion",
      "lastUpdated": "2019-11-21T02:34:27Z"
    },
    {
      "id": 930,
      "area": {
        "id": 2062,
        "name": "Czech Republic"
      },
      "name": "SK Slavia Praha",
      "shortName": "Slavia Praha",
      "tla": "SLP",
      "crestUrl": "https://upload.wikimedia.org/wikipedia/de/b/b1/SK_Slavia_Praha.svg",
      "address": "Vladivostocká 1460/2 Praha 10005",
      "phone": "+420 (233) 081753",
      "website": "http://www.slavia.cz",
      "email": "slavia@slavia.cz",
      "founded": 1892,
      "clubColors": "Red / White",
      "venue": "Sinobo Stadium",
      "lastUpdated": "2019-11-21T02:29:35Z"
    },
    {
      "id": 1858,
      "area": {
        "id": 2023,
        "name": "Belgium"
      },
      "name": "KRC Genk",
      "shortName": "KRC Genk",
      "tla": "GNK",
      "crestUrl": "https://upload.wikimedia.org/wikipedia/commons/f/f6/KRC_Genk_Logo_2016.svg",
      "address": "Stadionplein 4 Genk 3600",
      "phone": "+32 (89) 848410",
      "website": "http://www.krcgenk.be",
      "email": "info@krcgenk.be",
      "founded": 1923,
      "clubColors": "Blue / White",
      "venue": "Luminus Arena",
      "lastUpdated": "2019-11-21T02:46:13Z"
    },
    {
      "id": 1871,
      "area": {
        "id": 2234,
        "name": "Switzerland"
      },
      "name": "BSC Young Boys",
      "shortName": "Young Boys",
      "tla": "YOB",
      "crestUrl": "https://upload.wikimedia.org/wikipedia/de/c/c6/BSC_Young_Boys_Logo.svg",
      "address": "Postfach 61 Bern 3000",
      "phone": "+41 (31) 3448000",
      "website": "http://www.bscyb.ch",
      "email": "info@bscyb.ch",
      "founded": 1898,
      "clubColors": "Yellow / Black",
      "venue": "Stade de Suisse Wankdorf Bern",
      "lastUpdated": "2019-11-21T02:34:45Z"
    },
    {
      "id": 1873,
      "area": {
        "id": 2192,
        "name": "Republic of Ireland"
      },
      "name": "Dundalk FC",
      "shortName": "Dundalk",
      "tla": "DUN",
      "crestUrl": null,
      "address": "Carrickmacross Road Dundalk, Co. Louth null",
      "phone": "+353 (4) 29335894",
      "website": "http://www.dundalkfc.com",
      "email": "elizabeth.duffy@dundalkfc.com",
      "founded": 1919,
      "clubColors": "Black / Red",
      "venue": "Oriel Park",
      "lastUpdated": "2019-11-21T02:34:49Z"
    },
    {
      "id": 1875,
      "area": {
        "id": 2136,
        "name": "Luxembourg"
      },
      "name": "F91 Diddeleng",
      "shortName": "F91 Dudelange",
      "tla": "F91",
      "crestUrl": null,
      "address": "null Dudelange null",
      "phone": null,
      "website": "http://ww.f91.lu",
      "email": null,
      "founded": 1991,
      "clubColors": null,
      "venue": "Stade Josy Barthel",
      "lastUpdated": "2019-11-21T02:34:52Z"
    },
    {
      "id": 1876,
      "area": {
        "id": 2065,
        "name": "Denmark"
      },
      "name": "FC København",
      "shortName": "København",
      "tla": "KOB",
      "crestUrl": "https://upload.wikimedia.org/wikipedia/de/1/18/Logo_FC_Kopenhagen.svg",
      "address": "Per Henrik Lings Allé 2 København 2100",
      "phone": "+45 35 433 131",
      "website": "http://www.fck.dk",
      "email": "cm@fck.dk",
      "founded": 1992,
      "clubColors": "White / Blue",
      "venue": "Telia Parken",
      "lastUpdated": "2019-11-21T02:34:55Z"
    },
    {
      "id": 1877,
      "area": {
        "id": 2016,
        "name": "Austria"
      },
      "name": "FC Red Bull Salzburg",
      "shortName": "RB Salzburg",
      "tla": "RBS",
      "crestUrl": "https://upload.wikimedia.org/wikipedia/en/7/77/FC_Red_Bull_Salzburg_logo.svg",
      "address": "Stadionstr. 2/3 Wals-Siezenheim 5071",
      "phone": "+43 (662) 433332",
      "website": "http://www.redbulls.com/de",
      "email": "soccerrbs.office@redbulls.com",
      "founded": 1933,
      "clubColors": "White / Red",
      "venue": "Red Bull Arena",
      "lastUpdated": "2019-11-21T02:23:35Z"
    },
    {
      "id": 1879,
      "area": {
        "id": 2006,
        "name": "Andorra"
      },
      "name": "FC Santa Coloma",
      "shortName": "Santa Coloma",
      "tla": "FSC",
      "crestUrl": null,
      "address": "Av. Solà nº22 Santa Coloma AD500",
      "phone": "+376 323222",
      "website": "http://www.fclubsantacoloma.com",
      "email": "info@fclubsantacoloma.com",
      "founded": 1986,
      "clubColors": "Red / Black / White",
      "venue": "Centre d'Entrenament de la FAF 1",
      "lastUpdated": "2019-11-21T02:34:56Z"
    },
    {
      "id": 1880,
      "area": {
        "id": 2151,
        "name": "Moldova"
      },
      "name": "FC Sheriff Tiraspol",
      "shortName": "Sheriff",
      "tla": "SHE",
      "crestUrl": null,
      "address": "ul. K. Libnekhta 1/2 Tiraspol 3300",
      "phone": "+373 (533) 363500",
      "website": "http://www.fc-sheriff.com",
      "email": "club@sc.sheriff.md",
      "founded": 1997,
      "clubColors": "Yellow / Black",
      "venue": "Malaya Sportivnaya Arena",
      "lastUpdated": "2019-11-21T02:34:58Z"
    },
    {
      "id": 1881,
      "area": {
        "id": 2062,
        "name": "Czech Republic"
      },
      "name": "FC Viktoria Plzeň",
      "shortName": "Viktoria Plzeň",
      "tla": "PLZ",
      "crestUrl": "https://upload.wikimedia.org/wikipedia/de/0/01/Viktoria.svg",
      "address": "Štruncovy sady 3 Plzeň 30112",
      "phone": "+420 (377) 221507",
      "website": "http://www.fcviktoria.cz",
      "email": "fcviktoria@fcviktoria.cz",
      "founded": 1911,
      "clubColors": "Red / Blue",
      "venue": "Doosan Arena",
      "lastUpdated": "2019-11-21T02:35:00Z"
    },
    {
      "id": 1884,
      "area": {
        "id": 2119,
        "name": "Kazakhstan"
      },
      "name": "Astana FK",
      "shortName": "Astana FK",
      "tla": "AST",
      "crestUrl": "https://upload.wikimedia.org/wikipedia/de/9/96/FC_Astana_Logo.svg",
      "address": "null Nursultan null",
      "phone": null,
      "website": "http://www.fca.kz",
      "email": null,
      "founded": 2009,
      "clubColors": null,
      "venue": "Astana Arena",
      "lastUpdated": "2019-11-21T02:35:04Z"
    },
    {
      "id": 1887,
      "area": {
        "id": 2253,
        "name": "Ukraine"
      },
      "name": "FK Shakhtar Donetsk",
      "shortName": "Shaktar",
      "tla": "SHD",
      "crestUrl": "https://upload.wikimedia.org/wikipedia/de/1/13/Fc_shaktar_%28neu%29.svg",
      "address": "vul. Artema, 86-a Donets’k 83050",
      "phone": "+380 (062) 3349906",
      "website": "http://www.shakhtar.com",
      "email": "feedback@shakhtar.com",
      "founded": 1936,
      "clubColors": "Orange / Black",
      "venue": "Oblasny SportKomplex Metalist",
      "lastUpdated": "2019-11-21T03:11:00Z"
    },
    {
      "id": 1896,
      "area": {
        "id": 2171,
        "name": "Northern Ireland"
      },
      "name": "Linfield FC",
      "shortName": "Linfield",
      "tla": "LIN",
      "crestUrl": null,
      "address": "null Belfast null",
      "phone": null,
      "website": "http://www.linfieldfc.com",
      "email": "webdirector@linfieldfc.com",
      "founded": 1886,
      "clubColors": "Blue / White",
      "venue": "Windsor Park",
      "lastUpdated": "2019-11-21T02:49:47Z"
    },
    {
      "id": 1897,
      "area": {
        "id": 2247,
        "name": "Turkey"
      },
      "name": "Medipol Başakşehir FK",
      "shortName": "Başakşehir",
      "tla": "BAS",
      "crestUrl": null,
      "address": "Yunus Emre Caddesi, Başakşehir Stadı 4.Etap, Başakşehir İstanbul 34200",
      "phone": "+90 (212) 4733333",
      "website": "http://www.ibfk.com.tr",
      "email": "info@ibfk.org",
      "founded": 1990,
      "clubColors": "Orange / Blue",
      "venue": "Başakşehir Fatih Terim Stadium",
      "lastUpdated": "2019-11-21T03:02:16Z"
    },
    {
      "id": 1901,
      "area": {
        "id": 2035,
        "name": "Bulgaria"
      },
      "name": "PFK Ludogorets 1945 Razgrad",
      "shortName": "Ludogorets",
      "tla": "LUD",
      "crestUrl": "https://upload.wikimedia.org/wikipedia/en/8/81/PFC_Ludogorets_Razgrad_logo.svg",
      "address": "null Razgrad 7200",
      "phone": "+359 (899) 141129",
      "website": "http://www.ludogorets.com",
      "email": "office@ludogorets.com",
      "founded": 2000,
      "clubColors": "Green / White",
      "venue": "Ludogorets Arena",
      "lastUpdated": "2019-11-21T02:35:27Z"
    },
    {
      "id": 1903,
      "area": {
        "id": 2187,
        "name": "Portugal"
      },
      "name": "Sport Lisboa e Benfica",
      "shortName": "SL Benfica",
      "tla": "BEN",
      "crestUrl": "https://upload.wikimedia.org/wikipedia/de/8/89/Logo_Benfica_Lissabon.svg",
      "address": "Av. General Norton de Matos 1500, Apartado Nº 4100 Lisboa 1501-805",
      "phone": "+351 (021) 7219558",
      "website": "http://www.slbenfica.pt",
      "email": "sec.geral@slbenfica.pt",
      "founded": 1904,
      "clubColors": "Red / White",
      "venue": "Estádio do Sport Lisboa e Benfica",
      "lastUpdated": "2019-11-21T03:14:43Z"
    },
    {
      "id": 1904,
      "area": {
        "id": 2264,
        "name": "Wales"
      },
      "name": "The New Saints FC",
      "shortName": "The New Saints",
      "tla": "TNS",
      "crestUrl": null,
      "address": "The Venue, Park Hall Oswestry SY11 4AS",
      "phone": "+44 (1691) 684840",
      "website": "http://www.tnsfc.co.uk",
      "email": "ian.williams@tnsfc.co.uk",
      "founded": 1959,
      "clubColors": "Green / White",
      "venue": "Park Hall Stadium",
      "lastUpdated": "2019-11-21T02:45:08Z"
    },
    {
      "id": 2016,
      "area": {
        "id": 2016,
        "name": "Austria"
      },
      "name": "LASK Linz",
      "shortName": "LASK",
      "tla": "LIN",
      "crestUrl": null,
      "address": "Poststr. 38 Pasching 4061",
      "phone": "+43 (732) 6033320",
      "website": "http://www.lask.at",
      "email": "office@lask.at",
      "founded": 1908,
      "clubColors": "Black / White",
      "venue": "TGW Arena",
      "lastUpdated": "2019-11-21T02:35:32Z"
    },
    {
      "id": 4275,
      "area": {
        "id": 2030,
        "name": "Bosnia and Herzegovina"
      },
      "name": "FK Sarajevo",
      "shortName": "Sarajevo",
      "tla": "SAR",
      "crestUrl": null,
      "address": "Maršala Tita 38/b Sarajevo 71000",
      "phone": null,
      "website": "https://www.fksarajevo.ba",
      "email": "info@fcsarajevo.ba",
      "founded": 1946,
      "clubColors": "Maroon / White",
      "venue": "Olimpijski Stadion Asim Ferhatović Hase",
      "lastUpdated": "2019-11-21T02:35:42Z"
    },
    {
      "id": 5106,
      "area": {
        "id": 2075,
        "name": "Estonia"
      },
      "name": "Nõmme Kalju FC",
      "shortName": "Nõmme Kalju",
      "tla": "NOM",
      "crestUrl": null,
      "address": "Harju 6 Tallinn 10130",
      "phone": "+372 (631) 0545",
      "website": "http://www.jkkalju.ee",
      "email": "kuno@jkkalju.ee",
      "founded": 1923,
      "clubColors": "White / Black",
      "venue": "Hiiu staadion",
      "lastUpdated": "2019-11-21T02:36:14Z"
    },
    {
      "id": 5123,
      "area": {
        "id": 2080,
        "name": "Finland"
      },
      "name": "Helsingin JK",
      "shortName": "HJK",
      "tla": "HJK",
      "crestUrl": null,
      "address": "Urheilukatu 5 Helsinki 00250",
      "phone": "+358 (9) 74216600",
      "website": "http://www.hjk.fi",
      "email": "hjk@hjk.fi",
      "founded": 1907,
      "clubColors": "Blue / White",
      "venue": "Telia 5G -areena",
      "lastUpdated": "2019-11-21T02:36:19Z"
    },
    {
      "id": 5277,
      "area": {
        "id": 2233,
        "name": "Sweden"
      },
      "name": "AIK Fotboll",
      "shortName": "AIK Fotboll",
      "tla": "AIK",
      "crestUrl": null,
      "address": "Evenemangsgatan 31 Solna 16979",
      "phone": "+46 (8) 7359650",
      "website": "http://www.aikfotboll.se",
      "email": "fotboll@aik.se",
      "founded": 1891,
      "clubColors": "Black / White / Yellow",
      "venue": "Friends Arena",
      "lastUpdated": "2019-11-21T02:36:45Z"
    },
    {
      "id": 5452,
      "area": {
        "id": 2195,
        "name": "Russia"
      },
      "name": "FK Krasnodar",
      "shortName": "Krasnodar",
      "tla": "KRA",
      "crestUrl": null,
      "address": "114 ul.Zhloby Krasnodar 350901",
      "phone": "+7 (861) 2108990",
      "website": "http://www.fckrasnodar.ru",
      "email": "info@fckrasnodar.ru",
      "founded": 2008,
      "clubColors": "Black / Green",
      "venue": "Stadion Akademii FK Krasnodar",
      "lastUpdated": "2019-11-21T02:57:32Z"
    },
    {
      "id": 5455,
      "area": {
        "id": 2195,
        "name": "Russia"
      },
      "name": "FK Lokomotiv Moskva",
      "shortName": "Lok Moskva",
      "tla": "LOK",
      "crestUrl": "https://upload.wikimedia.org/wikipedia/de/f/fe/Lokomotive_moskau.svg",
      "address": "Bolshaya Cherkizovskaya, 125 А Moskva 107553",
      "phone": "+7 (495) 1619704",
      "website": "http://www.fclm.ru",
      "email": "info@fclm.ru",
      "founded": 1923,
      "clubColors": "Red / Green / White",
      "venue": "RZD Arena",
      "lastUpdated": "2019-11-21T02:57:39Z"
    },
    {
      "id": 5515,
      "area": {
        "id": 2194,
        "name": "Romania"
      },
      "name": "FC CFR 1907 Cluj",
      "shortName": "CFR Cluj",
      "tla": "CLU",
      "crestUrl": "https://upload.wikimedia.org/wikipedia/de/c/cc/CFR_Cluj.svg",
      "address": "Str. Romulus Vuia, nr. 23 Cluj-Napoca 400214",
      "phone": "+40 (264) 598831",
      "website": "http://www.cfr1907.ro",
      "email": "club@cfr-ecomax.ro",
      "founded": 1907,
      "clubColors": "Claret / White",
      "venue": "Stadionul Dr. Constantin Rădulescu",
      "lastUpdated": "2019-11-21T02:47:59Z"
    },
    {
      "id": 5628,
      "area": {
        "id": 2186,
        "name": "Poland"
      },
      "name": "GKS Piast Gliwice",
      "shortName": "Piast Gliwice",
      "tla": "PIA",
      "crestUrl": null,
      "address": "ul. Zwycięstwa 36 Gliwice 44100",
      "phone": "+48 (032) 2317759",
      "website": "https://www.piast-gliwice.eu",
      "email": "piast@piast-gliwice.eu",
      "founded": 1945,
      "clubColors": "Blue / Red",
      "venue": "Stadion Miejski",
      "lastUpdated": "2019-11-21T02:37:16Z"
    },
    {
      "id": 5813,
      "area": {
        "id": 2143,
        "name": "Malta"
      },
      "name": "Valletta FC",
      "shortName": "Valletta",
      "tla": "VAL",
      "crestUrl": null,
      "address": "126, St Lucia Street Valletta 11832",
      "phone": "+356 (21) 224939",
      "website": "http://www.vallettafc.net",
      "email": "info@vallettafc.net",
      "founded": 1909,
      "clubColors": "White / Red",
      "venue": "Ta'Qali National Stadium",
      "lastUpdated": "2019-11-21T02:51:46Z"
    },
    {
      "id": 5819,
      "area": {
        "id": 2135,
        "name": "Lithuania"
      },
      "name": "FK Sūduva Marijampolė",
      "shortName": "FK Sūduva",
      "tla": "SUD",
      "crestUrl": null,
      "address": "P. Armino 27 Marijampolė 68290",
      "phone": "+370 (343) 91065",
      "website": "http://www.fksuduva.lt",
      "email": "klubas@fksuduva.lt",
      "founded": 1942,
      "clubColors": "Red / White",
      "venue": "Marijampolės sporto centro stadione",
      "lastUpdated": "2019-11-21T02:37:48Z"
    },
    {
      "id": 5826,
      "area": {
        "id": 2129,
        "name": "Latvia"
      },
      "name": "Rīga FC",
      "shortName": "Rīga FC",
      "tla": "RFC",
      "crestUrl": "https://upload.wikimedia.org/wikipedia/en/b/b0/Riga_FC_logo.png",
      "address": "Balasta Dambis 70b-1 Rīga null",
      "phone": "+371 28861168",
      "website": "http://www.rigafc.lv",
      "email": "info@rigafc.lv",
      "founded": 2014,
      "clubColors": "Blue / White",
      "venue": "Stadions Skonto",
      "lastUpdated": "2019-11-21T02:38:03Z"
    },
    {
      "id": 5929,
      "area": {
        "id": 2113,
        "name": "Israel"
      },
      "name": "Maccabi Tel Aviv FC",
      "shortName": "Maccabi TA",
      "tla": "MTA",
      "crestUrl": "https://upload.wikimedia.org/wikipedia/de/d/de/Maccabi_Tel_Aviv.svg",
      "address": "null Tel Aviv null",
      "phone": null,
      "website": "http://www.maccabi-tlv.co.il",
      "email": "info@maccabi-tlv.co.il",
      "founded": 1906,
      "clubColors": "Yellow / Blue",
      "venue": "Bloomfield Stadium",
      "lastUpdated": "2019-11-21T02:43:29Z"
    },
    {
      "id": 5945,
      "area": {
        "id": 2107,
        "name": "Iceland"
      },
      "name": "KF Valur",
      "shortName": "Valur",
      "tla": "VAL",
      "crestUrl": null,
      "address": "Laufásvegi, Hlíðarendi Reykjavík 101",
      "phone": "+354 (414) 8005",
      "website": "http://www.valur.is",
      "email": "valur@valur.is",
      "founded": 1911,
      "clubColors": "Red / White",
      "venue": "Origo Völlurinn",
      "lastUpdated": "2019-11-21T02:38:13Z"
    },
    {
      "id": 5954,
      "area": {
        "id": 2106,
        "name": "Hungary"
      },
      "name": "Ferencvárosi TC",
      "shortName": "Ferencváros",
      "tla": "FTC",
      "crestUrl": null,
      "address": "Üllöi út 129. Budapest 1091",
      "phone": "+36 (1) 2156023",
      "website": "http://www.fradi.hu",
      "email": "ftcrt@ftc.hu",
      "founded": 1899,
      "clubColors": "Green / White",
      "venue": "Groupama Arena",
      "lastUpdated": "2019-11-21T02:52:31Z"
    },
    {
      "id": 6146,
      "area": {
        "id": 2093,
        "name": "Greece"
      },
      "name": "PAOK FC",
      "shortName": "PAOK FC",
      "tla": "PAO",
      "crestUrl": "https://upload.wikimedia.org/wikipedia/de/3/34/Paoklogo.svg",
      "address": "Mikras Asias, Toumba’s Stadium Thessaloniki null",
      "phone": "+30 (2310) 954050",
      "website": "http://www.paokfc.gr",
      "email": "fbadvisor@paokfc.gr",
      "founded": 1926,
      "clubColors": "Black / White",
      "venue": "Stadio Toumbas",
      "lastUpdated": "2019-11-21T02:53:12Z"
    },
    {
      "id": 7281,
      "area": {
        "id": 2090,
        "name": "Gibraltar"
      },
      "name": "Lincoln Red Imps FC",
      "shortName": "Lincoln",
      "tla": "LIN",
      "crestUrl": null,
      "address": "64 Red Sands House, PO Box 1411 Gibraltar null",
      "phone": "+350 54005985",
      "website": "http://www.lincolnredimpsfc.com",
      "email": "lincolnredimps@hotmail.com",
      "founded": 1976,
      "clubColors": "White / Red",
      "venue": "Victoria Stadium",
      "lastUpdated": "2019-11-21T02:38:31Z"
    },
    {
      "id": 7283,
      "area": {
        "id": 2206,
        "name": "Serbia"
      },
      "name": "FK Crvena Zvezda",
      "shortName": "Crvena Zvedza",
      "tla": "CRV",
      "crestUrl": "https://upload.wikimedia.org/wikipedia/commons/5/5d/Logo_FC_Red_Star_Belgrade.svg",
      "address": "Ljutice Bogdana 1a Beograd 11000",
      "phone": "+381 (11) 3672060",
      "website": "http://www.crvenazvezdafk.com",
      "email": "office@crvenazvezdafk.com",
      "founded": 1945,
      "clubColors": "Red / White",
      "venue": "Stadion Rajko Mitić",
      "lastUpdated": "2019-11-21T02:24:25Z"
    },
    {
      "id": 7284,
      "area": {
        "id": 2154,
        "name": "Montenegro"
      },
      "name": "FK Sutjeska Nikšić",
      "shortName": "Sutjeska Nik",
      "tla": "SUT",
      "crestUrl": null,
      "address": "ul. Dragovica Luka bb Nikšić 81400",
      "phone": "+382 (040) 246438",
      "website": "http://www.fksutjeska.me",
      "email": "fcsutjeska@cg.yu",
      "founded": 1927,
      "clubColors": "Blue / White",
      "venue": "Stadion Kraj Bistrice",
      "lastUpdated": "2019-11-21T02:38:34Z"
    },
    {
      "id": 7285,
      "area": {
        "id": 2083,
        "name": "FYR Macedonia"
      },
      "name": "KF Shkëndija 79",
      "shortName": "Shkëndija 79",
      "tla": "SHK",
      "crestUrl": null,
      "address": "ul. Blagoya Toska Tetovo 1200",
      "phone": "+389 (443) 53670",
      "website": "http://www.kfshkendija.com/",
      "email": "kfshkendija@yahoo.com",
      "founded": 1979,
      "clubColors": "Black / Red",
      "venue": "Ecolog Arena",
      "lastUpdated": "2019-11-21T02:38:36Z"
    },
    {
      "id": 7492,
      "area": {
        "id": 2002,
        "name": "Albania"
      },
      "name": "FK Partizani",
      "shortName": "Partizani",
      "tla": "PAR",
      "crestUrl": "https://upload.wikimedia.org/wikipedia/de/a/a2/FK_Partizani_Tirana_Logo.svg",
      "address": "null Tiranë null",
      "phone": "+0355 69751118",
      "website": "http://www.partizani.net",
      "email": "info@partizani.net",
      "founded": 1946,
      "clubColors": "Red / Yellow",
      "venue": "Stadiumi Selman Stërmasi",
      "lastUpdated": "2019-11-21T02:39:49Z"
    },
    {
      "id": 7509,
      "area": {
        "id": 2214,
        "name": "Slovakia"
      },
      "name": "ŠK Slovan Bratislava",
      "shortName": "Sl. Bratislava",
      "tla": "SBA",
      "crestUrl": "https://upload.wikimedia.org/wikipedia/commons/7/76/SK_Slovan_Ba_logo_with_Stars.png",
      "address": "Viktoria Tegelhoffa 4 Bratislava 83104",
      "phone": "+421 (2) 44636363",
      "website": "http://www.skslovan.com",
      "email": "info@skslovan.com",
      "founded": 1919,
      "clubColors": "Light Blue / White",
      "venue": "Národný Futbalový Štadión",
      "lastUpdated": "2019-11-21T02:40:20Z"
    },
    {
      "id": 8101,
      "area": {
        "id": 2124,
        "name": "Kosovo"
      },
      "name": "KF Feronikeli",
      "shortName": "Feronikeli",
      "tla": "FER",
      "crestUrl": null,
      "address": "null Glogovac null",
      "phone": null,
      "website": null,
      "email": null,
      "founded": 1974,
      "clubColors": "Green / Black / White",
      "venue": "Stadiumi Rexhep Rexhepi",
      "lastUpdated": "2019-11-21T02:40:39Z"
    },
    {
      "id": 8102,
      "area": {
        "id": 2200,
        "name": "San Marino"
      },
      "name": "SP Tre Penne",
      "shortName": "Tre Penne",
      "tla": "TPE",
      "crestUrl": null,
      "address": "Via Napoleone Bonaparte San Marino Città 160",
      "phone": "+387 (0549) 878013",
      "website": "http://www.trepenne.sm",
      "email": "trepenne@omniway.sm",
      "founded": 1933,
      "clubColors": "White / Blue",
      "venue": "Stadio di Domagnano",
      "lastUpdated": "2019-11-21T02:40:43Z"
    },
    {
      "id": 8164,
      "area": {
        "id": 2012,
        "name": "Armenia"
      },
      "name": "FC Ararat-Armenia",
      "shortName": "Ararat-Armenia",
      "tla": "A-A",
      "crestUrl": null,
      "address": "null Yerevan null",
      "phone": null,
      "website": null,
      "email": null,
      "founded": 2017,
      "clubColors": null,
      "venue": "Yerevan Football Academy",
      "lastUpdated": "2019-11-21T02:40:47Z"
    },
    {
      "id": 8165,
      "area": {
        "id": 2087,
        "name": "Georgia"
      },
      "name": "FC Saburtalo",
      "shortName": "Saburtalo",
      "tla": "SAB",
      "crestUrl": null,
      "address": "M. Asatiani Street 7a Tbilisi 0179",
      "phone": "+995 (322) 311128",
      "website": "http://www.fcsaburtalo.ge",
      "email": "fcsaburtalo@gmail.com",
      "founded": 2000,
      "clubColors": "Red / White",
      "venue": "Mikheil Meskhis sakhelobis Stadioni",
      "lastUpdated": "2019-11-21T02:40:49Z"
    },
    {
      "id": 8166,
      "area": {
        "id": 2078,
        "name": "Faroe Islands"
      },
      "name": "HB",
      "shortName": "HB",
      "tla": "HB",
      "crestUrl": null,
      "address": "Postsmoga 1333 Tórshavn 110",
      "phone": "+298 314046",
      "website": "http://www.hb.fo",
      "email": "hb@hb.fo",
      "founded": 1904,
      "clubColors": "Red / Black",
      "venue": "Gundadalur",
      "lastUpdated": "2019-11-21T02:40:53Z"
    }
  ]
}
